"country_year","Country","total_country_population","calendar_year","numeric_pin","pin_proportion_of_country","total","years_since_crisis","year_of_crisis","fsi_calendar_year_before_0_years","fsi_calendar_year_before_1_year","fsi_calendar_year_before_2_year","fsi_calendar_year_before_3_year","fsi_calendar_year_before_5_year"
"Afghanistan2011","Afghanistan",29347708,2011,4100000,0.139704265832276,107.5,0,2011,107.5,109.3,108.2,105.4,99.8
"Afghanistan2012","Afghanistan",30560034,2012,5400000,0.176701374088785,106,1,2011,106,107.5,109.3,108.2,102.3
"Afghanistan2013","Afghanistan",31622704,2013,8800000,0.278281072991102,106.7,2,2011,106.7,106,107.5,109.3,105.4
"Afghanistan2014","Afghanistan",32792523,2014,9e+06,0.274452807428084,106.5,3,2011,106.5,106.7,106,107.5,108.2
"Afghanistan2015","Afghanistan",33831763.5,2015,7400000,0.218729360649497,107.9,4,2011,107.9,106.5,106.7,106,109.3
"Afghanistan2016","Afghanistan",34700612,2016,8100000,0.233425277917289,107.9,5,2011,107.9,107.9,106.5,106.7,107.5
"Afghanistan2017","Afghanistan",35688934.5,2017,9300000,0.260584972073067,107.3,6,2011,107.3,107.9,107.9,106.5,106
"Afghanistan2018","Afghanistan",36743039,2018,6500000,0.176904256613069,106.620768098599,7,2011,106.620768098599,107.3,107.9,107.9,106.7
"Afghanistan2019","Afghanistan",37856121,2019,6294000,0.166261091568257,105,8,2011,105,106.620768098599,107.3,107.9,106.5
"Afghanistan2020","Afghanistan",39068979,2020,1.4e+07,0.358340564773909,102.90118710069,9,2011,102.90118710069,105,106.620768098599,107.3,107.9
"Afghanistan2021","Afghanistan",40000412,2021,18400000,0.459995262048801,102.1,10,2011,102.1,102.90118710069,105,106.620768098599,107.9
"Afghanistan2022","Afghanistan",40578842,2022,24380455,0.60081692326262,105.9,11,2011,105.9,102.1,102.90118710069,105,107.3
"Afghanistan2023","Afghanistan",41454761,2023,29174379,0.703764255208226,106.6,12,2011,106.6,105.9,102.1,102.90118710069,106.620768098599
"Burkina Faso2012","Burkina Faso",17172287,2012,2300000,0.13393673189832,87.4,0,2012,87.4,88.6,90.7,91.3,89.7
"Burkina Faso2013","Burkina Faso",17695409,2013,1400000,0.0791165663365,90.2,1,2012,90.2,87.4,88.6,90.7,89.9
"Burkina Faso2014","Burkina Faso",18229461,2014,1300000,0.0713131342720446,89,2,2012,89,90.2,87.4,88.6,91.3
"Burkina Faso2015","Burkina Faso",18777487,2015,939148,0.0500145733025937,89.2,3,2012,89.2,89,90.2,87.4,90.7
"Burkina Faso2016","Burkina Faso",19334855.5,2016,1600000,0.0827521053881163,89.4,4,2012,89.4,89.2,89,90.2,88.6
"Burkina Faso2017","Burkina Faso",19894407,2017,860600,0.0432583891542985,88,5,2012,88,89.4,89.2,89,87.4
"Burkina Faso2019","Burkina Faso",20961952.5,2019,1500000,0.0715582195885617,83.9,7,2012,83.9,86.5236375122382,88,89.4,89
"Burkina Faso2020","Burkina Faso",21478689.5,2020,2928111,0.13632633406242,85.9285230605081,8,2012,85.9285230605081,83.9,86.5236375122382,88,89.2
"Burkina Faso2021","Burkina Faso",21995243,2021,3533773,0.160660784697855,87.1,9,2012,87.1,85.9285230605081,83.9,86.5236375122382,89.4
"Burkina Faso2022","Burkina Faso",22509038.5,2022,4889324,0.217216030795807,90.5,10,2012,90.5,87.1,85.9285230605081,83.9,88
"Burkina Faso2023","Burkina Faso",23025776,2023,4648210,0.201869852290754,94,11,2012,94,90.5,87.1,85.9285230605081,86.5236375122382
"Cameroon2014","Cameroon",22059893,2014,6100000,0.27651992690989,93.1,0,2014,93.1,93.5,93.1,94.6,95.3
"Cameroon2015","Cameroon",22763414.5,2015,2070000,0.0909353910855509,94.3,1,2014,94.3,93.1,93.5,93.1,95.4
"Cameroon2016","Cameroon",23454161.5,2016,2900000,0.123645434947653,97.8,2,2014,97.8,94.3,93.1,93.5,94.6
"Cameroon2017","Cameroon",24128601,2017,2900000,0.120189313918366,95.6,3,2014,95.6,97.8,94.3,93.1,93.1
"Cameroon2018","Cameroon",24806383,2018,3300000,0.133030276925096,95.3121811937865,4,2014,95.3121811937865,95.6,97.8,94.3,93.5
"Cameroon2019","Cameroon",25506095,2019,4300000,0.168587155344634,97,5,2014,97,95.3121811937865,95.6,97.8,93.1
"Cameroon2020","Cameroon",26210558,2020,6252268,0.238540057025875,97.855081605719,6,2014,97.855081605719,97,95.3121811937865,95.6,94.3
"Cameroon2021","Cameroon",26915758.5,2021,4406243,0.16370495373556,97.2,7,2014,97.2,97.855081605719,97,95.3121811937865,97.8
"Cameroon2022","Cameroon",27632771.5,2022,3934444,0.142383256779002,96,8,2014,96,97.2,97.855081605719,97,95.6
"Cameroon2023","Cameroon",28372687,2023,4700311,0.16566323097985,94,9,2014,94,96,97.2,97.855081605719,95.3121811937865
"Central African Republic2011","Central African Republic",4565021.5,2011,1611853,0.353087712730378,105,0,2011,105,106.4,105.4,103.7,97.5
"Central African Republic2012","Central African Republic",4610848,2012,1920000,0.41640930258382,103.8,1,2011,103.8,105,106.4,105.4,101
"Central African Republic2013","Central African Republic",4642419,2013,4600000,0.990862737723588,105.3,2,2011,105.3,103.8,105,106.4,103.7
"Central African Republic2014","Central African Republic",4623182,2014,2200000,0.475862728311367,110.6,3,2011,110.6,105.3,103.8,105,105.4
"Central African Republic2015","Central African Republic",4629320.5,2015,2700000,0.583238944030771,111.9,4,2011,111.9,110.6,105.3,103.8,106.4
"Central African Republic2016","Central African Republic",4713663.5,2016,2400000,0.509158110246945,112.1,5,2011,112.1,111.9,110.6,105.3,105
"Central African Republic2017","Central African Republic",4793510.5,2017,2200000,0.458953829349075,112.6,6,2011,112.6,112.1,111.9,110.6,103.8
"Central African Republic2018","Central African Republic",4878657,2018,2500000,0.512436106904011,111.126344612314,7,2011,111.126344612314,112.6,112.1,111.9,105.3
"Central African Republic2019","Central African Republic",4944703.5,2019,2900000,0.58648612601342,108.9,8,2011,108.9,111.126344612314,112.6,112.1,110.6
"Central African Republic2020","Central African Republic",5026628.5,2020,2600000,0.517245306670266,107.486604672383,9,2011,107.486604672383,108.9,111.126344612314,112.6,111.9
"Central African Republic2021","Central African Republic",5112100,2021,2800000,0.547720115021224,107,10,2011,107,107.486604672383,108.9,111.126344612314,112.1
"Central African Republic2022","Central African Republic",5098039.5,2022,3053039,0.598865308909435,108.1,11,2011,108.1,107,107.486604672383,108.9,112.6
"Central African Republic2023","Central African Republic",5152420.5,2023,3426462,0.665019867846578,105.7,12,2011,105.7,108.1,107,107.486604672383,111.126344612314
"Chad2011","Chad",12754997,2011,3883568,0.30447423860625,110.3,0,2011,110.3,113.3,112.2,110.9,105.9
"Chad2012","Chad",13210998,2012,3e+06,0.227083525408149,107.6,1,2011,107.6,110.3,113.3,112.2,108.8
"Chad2013","Chad",13691079.5,2013,4200000,0.306769090048743,109,2,2011,109,107.6,110.3,113.3,110.9
"Chad2014","Chad",14188678.5,2014,2870000,0.202273946794975,108.7,3,2011,108.7,109,107.6,110.3,112.2
"Chad2015","Chad",14647621,2015,3e+06,0.204811416133719,108.4,4,2011,108.4,108.7,109,107.6,113.3
"Chad2016","Chad",15114655,2016,2300000,0.152170195085498,110.1,5,2011,110.1,108.4,108.7,109,110.3
"Chad2017","Chad",15622759,2017,4600000,0.294442230082407,109.4,6,2011,109.4,110.1,108.4,108.7,107.6
"Chad2018","Chad",16156530.5,2018,4859413,0.300770824528199,108.311870457479,7,2011,108.311870457479,109.4,110.1,108.4,109
"Chad2019","Chad",16685223,2019,4269261,0.255870778592531,108.5,8,2011,108.5,108.311870457479,109.4,110.1,108.7
"Chad2020","Chad",17224679,2020,6400000,0.371559899606837,106.433820554994,9,2011,106.433820554994,108.5,108.311870457479,109.4,108.4
"Chad2021","Chad",17828273.5,2021,5496653,0.308311009476044,105.8,10,2011,105.8,106.433820554994,108.5,108.311870457479,110.1
"Chad2022","Chad",18455315.5,2022,6149509,0.333210721864928,105.7,11,2011,105.7,105.8,106.433820554994,108.5,109.4
"Chad2023","Chad",19319064,2023,7672650,0.397154334185134,104.6,12,2011,104.6,105.7,105.8,106.433820554994,108.311870457479
"Democratic Republic of the Congo2011","Democratic Republic of the Congo",70849311.5,2011,7500000,0.105858474009306,108.2,0,2011,108.2,109.9,108.7,106.7,110.1
"Democratic Republic of the Congo2012","Democratic Republic of the Congo",73254618.5,2012,5300000,0.0723503870271333,111.2,1,2011,111.2,108.2,109.9,108.7,105.5
"Democratic Republic of the Congo2013","Democratic Republic of the Congo",75789395,2013,14700000,0.193958534700007,111.9,2,2011,111.9,111.2,108.2,109.9,106.7
"Democratic Republic of the Congo2014","Democratic Republic of the Congo",78403242,2014,6400000,0.0816292775240085,110.2,3,2011,110.2,111.9,111.2,108.2,108.7
"Democratic Republic of the Congo2015","Democratic Republic of the Congo",81035531,2015,7e+06,0.0863818613097013,109.7,4,2011,109.7,110.2,111.9,111.2,109.9
"Democratic Republic of the Congo2016","Democratic Republic of the Congo",83956415,2016,7500000,0.0893320659296851,110,5,2011,110,109.7,110.2,111.9,108.2
"Democratic Republic of the Congo2017","Democratic Republic of the Congo",87083398,2017,7300000,0.0838276889470941,110,6,2011,110,110,109.7,110.2,111.2
"Democratic Republic of the Congo2018","Democratic Republic of the Congo",90047643.5,2018,13100000,0.145478543255827,110.670364846513,7,2011,110.670364846513,110,110,109.7,111.9
"Democratic Republic of the Congo2019","Democratic Republic of the Congo",92947442,2019,12800000,0.137712235265173,110.2,8,2011,110.2,110.670364846513,110,110,110.2
"Democratic Republic of the Congo2020","Democratic Republic of the Congo",95989998,2020,25623884,0.266943270485327,109.394620954853,9,2011,109.394620954853,110.2,110.670364846513,110,109.7
"Democratic Republic of the Congo2021","Democratic Republic of the Congo",99148932,2021,19616782,0.197851672270156,108.4,10,2011,108.4,109.394620954853,110.2,110.670364846513,110
"Democratic Republic of the Congo2022","Democratic Republic of the Congo",102396968,2022,27026244,0.263935979041879,107.3,11,2011,107.3,108.4,109.394620954853,110.2,110
"Democratic Republic of the Congo2023","Democratic Republic of the Congo",105789731.5,2023,26429388,0.249829426970424,107.2,12,2011,107.2,107.3,108.4,109.394620954853,110.670364846513
"Djibouti2011","Djibouti",948557.5,2011,120000,0.126507881704588,82.6,0,2011,82.6,81.9,80.6,80,NA
"Djibouti2012","Djibouti",966747.5,2012,2e+05,0.206879252338382,83.8,1,2011,83.8,82.6,81.9,80.6,80.3
"Djibouti2013","Djibouti",984824.5,2013,3e+05,0.304622803352272,85.5,2,2011,85.5,83.8,82.6,81.9,80
"Djibouti2014","Djibouti",1002717.5,2014,3e+05,0.299186959437728,87.1,3,2011,87.1,85.5,83.8,82.6,80.6
"Djibouti2015","Djibouti",1020313,2015,3e+05,0.294027420997282,88,4,2011,88,87.1,85.5,83.8,81.9
"Djibouti2016","Djibouti",1037653,2016,282417,0.272169019893934,89.7,5,2011,89.7,88,87.1,85.5,82.6
"Djibouti2017","Djibouti",1054840.5,2017,289300,0.274259473351658,88.9,6,2011,88.9,89.7,88,87.1,83.8
"Haiti2011","Haiti",9914903.5,2011,3e+06,0.302574805695285,108,0,2011,108,101.6,101.8,99.3,104.6
"Haiti2012","Haiti",10069770.5,2012,1200000,0.119168555033106,104.9,1,2011,104.9,108,101.6,101.8,100.9
"Haiti2013","Haiti",10222362.5,2013,9e+05,0.0880422700721091,105.8,2,2011,105.8,104.9,108,101.6,99.3
"Haiti2014","Haiti",10373235,2014,817000,0.0787603867067506,104.3,3,2011,104.3,105.8,104.9,108,101.8
"Haiti2016","Haiti",10671457,2016,1600000,0.149932666176699,105.1,5,2011,105.1,104.5,104.3,105.8,108
"Haiti2017","Haiti",10817754,2017,2500000,0.231101576168214,105.3,6,2011,105.3,105.1,104.5,104.3,104.9
"Haiti2018","Haiti",10962362.5,2018,2800000,0.255419395226166,101.969552147564,7,2011,101.969552147564,105.3,105.1,104.5,105.8
"Haiti2019","Haiti",11105163,2019,2600000,0.234125334315219,99.3,8,2011,99.3,101.969552147564,105.3,105.1,104.3
"Haiti2020","Haiti",11243848,2020,5100000,0.453581371786598,97.679,9,2011,97.679,99.3,101.969552147564,105.3,104.5
"Haiti2021","Haiti",11374586,2021,4355735,0.382935695417838,97.5,10,2011,97.5,97.679,99.3,101.969552147564,105.1
"Haiti2022","Haiti",11503606,2022,4896979,0.425690779047892,99.7,11,2011,99.7,97.5,97.679,99.3,105.3
"Haiti2023","Haiti",11637398.5,2023,5200000,0.446835261334395,102.9,12,2011,102.9,99.7,97.5,97.679,101.969552147564
"Iraq2014","Iraq",36550059,2014,5200000,0.142270632175997,102.2,0,2014,102.2,103.9,104.3,104.8,108.6
"Iraq2015","Iraq",37560534.5,2015,8200000,0.218314252157407,104.4,1,2014,104.4,102.2,103.9,104.3,107.3
"Iraq2016","Iraq",38469627,2016,1.1e+07,0.285939866274243,104.7,2,2014,104.7,104.4,102.2,103.9,104.8
"Iraq2017","Iraq",39337353.5,2017,1.1e+07,0.279632436381365,105.4,3,2014,105.4,104.7,104.4,102.2,104.3
"Iraq2018","Iraq",40265624.5,2018,8700000,0.216065194766817,102.205685421538,4,2014,102.205685421538,105.4,104.7,104.4,103.9
"Iraq2019","Iraq",41192170.5,2019,6650000,0.161438446172677,99.1,5,2014,99.1,102.205685421538,105.4,104.7,102.2
"Iraq2020","Iraq",42116604.5,2020,4100000,0.0973487784372551,95.9411697934722,6,2014,95.9411697934722,99.1,102.205685421538,105.4,104.4
"Iraq2021","Iraq",43071210.5,2021,4100000,0.0951911950559179,96.2,7,2014,96.2,95.9411697934722,99.1,102.205685421538,104.7
"Iraq2022","Iraq",44070551,2022,2454198,0.0556879354651137,93.8,8,2014,93.8,96.2,95.9411697934722,99.1,105.4
"Libya2015","Libya",6531819.5,2015,331302,0.0507212423735837,95.3,0,2015,95.3,87.8,84.5,84.9,69.1
"Libya2016","Libya",6632125.5,2016,2400000,0.361874937378673,96.4,1,2015,96.4,95.3,87.8,84.5,68.7
"Libya2017","Libya",6738769.5,2017,1300000,0.192913557883231,96.3,2,2015,96.3,96.4,95.3,87.8,84.9
"Libya2018","Libya",6849054.5,2018,1100000,0.16060610993824,94.6,3,2015,94.6,96.3,96.4,95.3,84.5
"Libya2019","Libya",6951032.5,2019,822890,0.118383851607657,92.2,4,2015,92.2,94.6,96.3,96.4,87.8
"Libya2020","Libya",7045399,2020,1e+06,0.14193660288083,95.1937184923618,5,2015,95.1937184923618,92.2,94.6,96.3,95.3
"Libya2021","Libya",7135175,2021,1250662,0.175281194925142,97,6,2015,97,95.1937184923618,92.2,94.6,96.4
"Libya2022","Libya",7223804.5,2022,803587,0.111241521001849,94.3,7,2015,94.3,97,95.1937184923618,92.2,96.3
"Mali2012","Mali",16957032.5,2012,6900000,0.406910820038825,77.9,0,2012,77.9,79.3,79.3,78.7,75.5
"Mali2013","Mali",17459615,2013,3900000,0.223372623050394,89.3,1,2012,89.3,77.9,79.3,79.3,75.6
"Mali2014","Mali",18020266.5,2014,1600000,0.088788919964086,89.8,2,2012,89.8,89.3,77.9,79.3,78.7
"Mali2015","Mali",18593022,2015,1600000,0.0860537894270227,92.9,3,2012,92.9,89.8,89.3,77.9,79.3
"Mali2016","Mali",19191289.5,2016,2300000,0.119846037443185,95.2,4,2012,95.2,92.9,89.8,89.3,79.3
"Mali2017","Mali",19813010.5,2017,3700000,0.186745976841833,92.9,5,2012,92.9,95.2,92.9,89.8,77.9
"Mali2018","Mali",20442029.5,2018,4100000,0.200567169712772,93.5813210589402,6,2012,93.5813210589402,92.9,95.2,92.9,89.3
"Mali2019","Mali",21068404.5,2019,3200000,0.151886204766953,94.5,7,2012,94.5,93.5813210589402,92.9,95.2,89.8
"Mali2020","Mali",21713835.5,2020,6807194,0.31349569724796,96.0433129644911,8,2012,96.0433129644911,94.5,93.5813210589402,92.9,92.9
"Mali2021","Mali",22388630.5,2021,5917269,0.264297943547731,96.6,9,2012,96.6,96.0433129644911,94.5,93.5813210589402,95.2
"Mali2022","Mali",23072640,2022,7522833,0.326049944869768,98.6,10,2012,98.6,96.6,96.0433129644911,94.5,92.9
"Mali2023","Mali",23769127.5,2023,8782254,0.369481547019343,99.5,11,2012,99.5,98.6,96.6,96.0433129644911,93.5813210589402
"Mauritania2012","Mauritania",3619034,2012,8e+05,0.221053463438033,87.6,0,2012,87.6,88,89.1,88.7,86.7
"Mauritania2013","Mauritania",3734318.5,2013,425495,0.113941807588185,91.7,1,2012,91.7,87.6,88,89.1,86.1
"Mauritania2014","Mauritania",3848513.5,2014,390000,0.101337828229003,93,2,2012,93,91.7,87.6,88,88.7
"Mauritania2015","Mauritania",3965958.5,2015,465000,0.117247822941163,94.9,3,2012,94.9,93,91.7,87.6,89.1
"Mauritania2016","Mauritania",4086656.5,2016,468000,0.114519045092241,95.4,4,2012,95.4,94.9,93,91.7,88
"Mauritania2017","Mauritania",4210599.5,2017,539000,0.128010275021407,93.7,5,2012,93.7,95.4,94.9,93,87.6
"Myanmar2014","Myanmar",50681633.5,2014,909000,0.017935491364934,94.3,0,2014,94.3,94.6,96.2,98.3,101.5
"Myanmar2015","Myanmar",51089055.5,2015,540700,0.0105834800567022,94.7,1,2014,94.7,94.3,94.6,96.2,99.4
"Myanmar2016","Myanmar",51495696,2016,563000,0.0109329525325767,96.3,2,2014,96.3,94.7,94.3,94.6,98.3
"Myanmar2017","Myanmar",51894938,2017,525000,0.0101165936454149,95.7,3,2014,95.7,96.3,94.7,94.3,96.2
"Myanmar2018","Myanmar",52272246.5,2018,863000,0.0165097170637195,96.0923101413606,4,2014,96.0923101413606,95.7,96.3,94.7,94.6
"Myanmar2019","Myanmar",52640713,2019,941000,0.0178758976915833,94.3,5,2014,94.3,96.0923101413606,95.7,96.3,94.3
"Myanmar2020","Myanmar",53016521.5,2020,986000,0.0185979761044866,94,6,2014,94,94.3,96.0923101413606,95.7,94.7
"Myanmar2021","Myanmar",53387102,2021,1035782,0.0194013527836742,93.8,7,2014,93.8,94,94.3,96.0923101413606,96.3
"Myanmar2022","Myanmar",53756787.5,2022,14369336,0.267302728980968,100,8,2014,100,93.8,94,94.3,95.7
"Myanmar2023","Myanmar",54133797.5,2023,17619805,0.325486217736711,100.2,9,2014,100.2,100,93.8,94,96.0923101413606
"Niger2011","Niger",17176283,2011,4262000,0.248132846902907,99.1,0,2011,99.1,97.8,96.5,94.5,NA
"Niger2012","Niger",17836769.5,2012,6400000,0.358809368478973,96.9,1,2011,96.9,99.1,97.8,96.5,91.2
"Niger2013","Niger",18519898.5,2013,1821938,0.0983773210204149,99,2,2011,99,96.9,99.1,97.8,94.5
"Niger2014","Niger",19215909,2014,5300000,0.275813129631286,97.9,3,2011,97.9,99,96.9,99.1,96.5
"Niger2015","Niger",19939498,2015,3400000,0.170515827429557,97.8,4,2011,97.8,97.9,99,96.9,97.8
"Niger2016","Niger",20685753.5,2016,2e+06,0.0966848995856013,98.4,5,2011,98.4,97.8,97.9,99,99.1
"Niger2017","Niger",21435446.5,2017,1900000,0.0886382282729683,97.4,6,2011,97.4,98.4,97.8,97.9,96.9
"Niger2018","Niger",22188069,2018,2449484,0.110396447748563,96.1529034434838,7,2011,96.1529034434838,97.4,98.4,97.8,99
"Niger2019","Niger",22947757.5,2019,2300000,0.100227658410631,96.2,8,2011,96.2,96.1529034434838,97.4,98.4,97.9
"Niger2020","Niger",23717613.5,2020,3680752,0.155190656091938,95.3148830349445,9,2011,95.3148830349445,96.2,96.1529034434838,97.4,97.8
"Niger2021","Niger",24502140,2021,3821659,0.155972457915921,96,10,2011,96,95.3148830349445,96.2,96.1529034434838,98.4
"Niger2022","Niger",25311973,2022,3654445,0.14437614167809,95.2,11,2011,95.2,96,95.3148830349445,96.2,97.4
"Niger2023","Niger",26159867,2023,4319484,0.165118729388035,93.4,12,2011,93.4,95.2,96,95.3148830349445,96.1529034434838
"Nigeria2014","Nigeria",185896915,2014,9500000,0.0511035914716498,99.7,0,2014,99.7,100.7,101.1,99.9,99.8
"Nigeria2015","Nigeria",190671878,2015,4600000,0.0241252147314561,102.5,1,2014,102.5,99.7,100.7,101.1,100.2
"Nigeria2016","Nigeria",195443700,2016,7e+06,0.0358159408566252,103.5,2,2014,103.5,102.5,99.7,100.7,99.9
"Nigeria2017","Nigeria",200254578.5,2017,8500000,0.0424459708420599,101.6,3,2014,101.6,103.5,102.5,99.7,101.1
"Nigeria2018","Nigeria",204938754.5,2018,7700000,0.0375722006254312,99.9082316061574,4,2014,99.9082316061574,101.6,103.5,102.5,100.7
"Nigeria2019","Nigeria",209485641,2019,7124606,0.0340099968952049,98.5,5,2014,98.5,99.9082316061574,101.6,103.5,99.7
"Nigeria2020","Nigeria",213996181,2020,10600000,0.0495335942467123,97.2675111298435,6,2014,97.2675111298435,98.5,99.9082316061574,101.6,102.5
"Nigeria2021","Nigeria",218529286.5,2021,8700000,0.0398115975178457,98,7,2014,98,97.2675111298435,98.5,99.9082316061574,103.5
"Nigeria2022","Nigeria",223150895.5,2022,8364426,0.0374832732858112,97.2,8,2014,97.2,98,97.2675111298435,98.5,101.6
"Nigeria2023","Nigeria",227882945,2023,8300000,0.0364222079015172,98,9,2014,98,97.2,98,97.2675111298435,99.9082316061574
"Occupied Palestinian Territory2011","Occupied Palestinian Territory",4115907.5,2011,2514398,0.61089759670255,NA,0,2011,NA,NA,NA,NA,NA
"Occupied Palestinian Territory2012","Occupied Palestinian Territory",4215313,2012,2500000,0.593075769225203,NA,1,2011,NA,NA,NA,NA,NA
"Occupied Palestinian Territory2013","Occupied Palestinian Territory",4315260.5,2013,1800000,0.41712429643587,NA,2,2011,NA,NA,NA,NA,NA
"Occupied Palestinian Territory2014","Occupied Palestinian Territory",4415881.5,2014,1900000,0.430265169026841,NA,3,2011,NA,NA,NA,NA,NA
"Occupied Palestinian Territory2015","Occupied Palestinian Territory",4521565,2015,1900000,0.42020848975963,NA,4,2011,NA,NA,NA,NA,NA
"Occupied Palestinian Territory2016","Occupied Palestinian Territory",4632739,2016,2300000,0.496466561142339,NA,5,2011,NA,NA,NA,NA,NA
"Occupied Palestinian Territory2017","Occupied Palestinian Territory",4742742.5,2017,2e+06,0.42169694011429,NA,6,2011,NA,NA,NA,NA,NA
"Occupied Palestinian Territory2018","Occupied Palestinian Territory",4850592.5,2018,2500000,0.515400953594844,NA,7,2011,NA,NA,NA,NA,NA
"Occupied Palestinian Territory2019","Occupied Palestinian Territory",4957768,2019,2500000,0.504259174693128,NA,8,2011,NA,NA,NA,NA,NA
"Occupied Palestinian Territory2020","Occupied Palestinian Territory",5069692,2020,2400000,0.47340153997521,NA,9,2011,NA,NA,NA,NA,NA
"Occupied Palestinian Territory2021","Occupied Palestinian Territory",5185335.5,2021,2400000,0.462843725348148,86,10,2011,86,NA,NA,NA,NA
"Occupied Palestinian Territory2022","Occupied Palestinian Territory",5305270,2022,2075542,0.391222689891372,85.6,11,2011,85.6,86,NA,NA,NA
"Occupied Palestinian Territory2023","Occupied Palestinian Territory",5409201.5,2023,2087420,0.385901689925953,87.9,12,2011,87.9,85.6,86,NA,NA
"Somalia2011","Somalia",12348830,2011,3200000,0.259133861264589,113.4,0,2011,113.4,114.3,114.7,114.2,105.9
"Somalia2012","Somalia",12461160.5,2012,3800000,0.304947520738538,114.9,1,2011,114.9,113.4,114.3,114.7,111.1
"Somalia2013","Somalia",12869594.5,2013,3800000,0.295269598432181,113.9,2,2011,113.9,114.9,113.4,114.3,114.2
"Somalia2014","Somalia",13339491,2014,3180000,0.238389905581855,112.6,3,2011,112.6,113.9,114.9,113.4,114.7
"Somalia2015","Somalia",13806963.5,2015,3200000,0.231767107952447,114,4,2011,114,112.6,113.9,114.9,114.3
"Somalia2016","Somalia",14348740,2016,4900000,0.341493399420437,114,5,2011,114,114,112.6,113.9,113.4
"Somalia2017","Somalia",14916629.5,2017,5e+06,0.335196365908264,113.4,6,2011,113.4,114,114,112.6,114.9
"Somalia2018","Somalia",15452486.5,2018,5400000,0.349458321804714,113.200796082193,7,2011,113.200796082193,113.4,114,114,113.9
"Somalia2019","Somalia",16030971,2019,4200000,0.261992863688669,112.3,8,2011,112.3,113.200796082193,113.4,114,112.6
"Somalia2020","Somalia",16651190.5,2020,5200000,0.312289983109616,110.888959324746,9,2011,110.888959324746,112.3,113.200796082193,113.4,114
"Somalia2021","Somalia",17271431.5,2021,5932722,0.343499147711063,110.9,10,2011,110.9,110.888959324746,112.3,113.200796082193,114
"Somalia2022","Somalia",17801897,2022,7846888,0.440789428227789,110.5,11,2011,110.5,110.9,110.888959324746,112.3,113.4
"Somalia2023","Somalia",18358615,2023,8250301,0.449396700132336,111.9,12,2011,111.9,110.5,110.9,110.888959324746,113.200796082193
"South Sudan2011","South Sudan",10288109,2011,3316425,0.322355157784584,NA,0,2011,NA,NA,NA,NA,NA
"South Sudan2012","South Sudan",10756240,2012,3600000,0.334689445382401,108.4,1,2011,108.4,NA,NA,NA,NA
"South Sudan2013","South Sudan",11166275.5,2013,4500000,0.402999191628399,110.6,2,2011,110.6,108.4,NA,NA,NA
"South Sudan2014","South Sudan",11235072.5,2014,4400000,0.391630761617248,112.9,3,2011,112.9,110.6,108.4,NA,NA
"South Sudan2015","South Sudan",11107561.5,2015,6400000,0.576184070644128,114.5,4,2011,114.5,112.9,110.6,108.4,NA
"South Sudan2016","South Sudan",10830102,2016,6e+06,0.55401140266269,113.8,5,2011,113.8,114.5,112.9,110.6,NA
"South Sudan2017","South Sudan",10259153.5,2017,6100000,0.594590966983777,113.9,6,2011,113.9,113.8,114.5,112.9,108.4
"South Sudan2018","South Sudan",10122977,2018,7e+06,0.691496187336986,113.357315189941,7,2011,113.357315189941,113.9,113.8,114.5,110.6
"South Sudan2019","South Sudan",10423384,2019,7207217,0.691446942758705,112.2,8,2011,112.2,113.357315189941,113.9,113.8,112.9
"South Sudan2020","South Sudan",10698467,2020,7500000,0.701035017446892,110.752190381982,9,2011,110.752190381982,112.2,113.357315189941,113.9,114.5
"South Sudan2021","South Sudan",10865780,2021,8310533,0.764835382273523,109.4,10,2011,109.4,110.752190381982,112.2,113.357315189941,113.8
"South Sudan2022","South Sudan",11021177.5,2022,8872746,0.805063342823396,108.4,11,2011,108.4,109.4,110.752190381982,112.2,113.9
"South Sudan2023","South Sudan",11483374,2023,1e+07,0.870824202015888,108.5,12,2011,108.5,108.4,109.4,110.752190381982,113.357315189941
"Sudan2011","Sudan",36140806,2011,11544400,0.319428404557441,108.7,0,2011,108.7,111.8,112.4,113,112.3
"Sudan2012","Sudan",36923178,2012,500014,0.0135420087620843,109.4,1,2011,109.4,108.7,111.8,112.4,113.7
"Sudan2013","Sudan",37785848.5,2013,4300000,0.113799217715066,111,2,2011,111,109.4,108.7,111.8,113
"Sudan2014","Sudan",38823318,2014,6100000,0.15712206772229,110.1,3,2011,110.1,111,109.4,108.7,112.4
"Sudan2015","Sudan",40024431.5,2015,6600000,0.164899281580052,110.8,4,2011,110.8,110.1,111,109.4,111.8
"Sudan2016","Sudan",41259892,2016,5800000,0.140572350504456,111.5,5,2011,111.5,110.8,110.1,111,108.7
"Sudan2017","Sudan",42714306.5,2017,5800000,0.135785887100848,110.6,6,2011,110.6,111.5,110.8,110.1,109.4
"Sudan2018","Sudan",44230596,2018,5500000,0.124348313099828,108.663194396441,7,2011,108.663194396441,110.6,111.5,110.8,111
"Sudan2019","Sudan",45548175.5,2019,5674216,0.124576142462611,108,8,2011,108,108.663194396441,110.6,111.5,110.1
"Sudan2020","Sudan",46789231,2020,9328196,0.199366302899913,104.765885172959,9,2011,104.765885172959,108,108.663194396441,110.6,110.8
"Sudan2021","Sudan",48066924,2021,13446501,0.279745402472603,105.2,10,2011,105.2,104.765885172959,108,108.663194396441,111.5
"Sudan2022","Sudan",49383345.5,2022,14257653,0.288713793195724,107.1,11,2011,107.1,105.2,104.765885172959,108,110.6
"Sudan2023","Sudan",50042790.5,2023,24681639,0.493210685363359,106.2,12,2011,106.2,107.1,105.2,104.765885172959,108.663194396441
"Syrian Arab Republic2012","Syrian Arab Republic",22759762.5,2012,4e+06,0.175748758362483,94.5,0,2012,94.5,85.9,87.9,89.8,88.6
"Syrian Arab Republic2013","Syrian Arab Republic",21666917.5,2013,6800000,0.313842520515436,97.4,1,2012,97.4,94.5,85.9,87.9,90.1
"Syrian Arab Republic2014","Syrian Arab Republic",20273659,2014,10800000,0.532710942805144,101.6,2,2012,101.6,97.4,94.5,85.9,89.8
"Syrian Arab Republic2015","Syrian Arab Republic",19424618,2015,12200000,0.628068979271561,107.8,3,2012,107.8,101.6,97.4,94.5,87.9
"Syrian Arab Republic2016","Syrian Arab Republic",19193833.5,2016,13500000,0.70335089652622,110.8,4,2012,110.8,107.8,101.6,97.4,85.9
"Syrian Arab Republic2017","Syrian Arab Republic",19224668,2017,13500000,0.70222279001125,110.6,5,2012,110.6,110.8,107.8,101.6,94.5
"Syrian Arab Republic2018","Syrian Arab Republic",19577845,2018,13100000,0.669123695687651,111.393031103523,6,2012,111.393031103523,110.6,110.8,107.8,97.4
"Syrian Arab Republic2019","Syrian Arab Republic",20353534,2019,11708496,0.575256169272619,111.5,7,2012,111.5,111.393031103523,110.6,110.8,101.6
"Syrian Arab Republic2020","Syrian Arab Republic",21049429,2020,11100000,0.527330218791208,110.749696535933,8,2012,110.749696535933,111.5,111.393031103523,110.6,107.8
"Syrian Arab Republic2021","Syrian Arab Republic",21628839.5,2021,13400000,0.619543179836348,110.7,9,2012,110.7,110.749696535933,111.5,111.393031103523,110.8
"Syrian Arab Republic2022","Syrian Arab Republic",22462172.5,2022,14560823,0.64823752021315,108.4,10,2012,108.4,110.7,110.749696535933,111.5,110.6
"Syrian Arab Republic2023","Syrian Arab Republic",23594623,2023,15334271,0.649905319529793,107.1,11,2012,107.1,108.4,110.7,110.749696535933,111.393031103523
"Ukraine2015","Ukraine",45784896,2015,1400000,0.0305777695771112,76.3,0,2015,76.3,67.2,65.9,67.2,69.5
"Ukraine2016","Ukraine",45616832,2016,3100000,0.0679573715246162,75.5,1,2015,75.5,76.3,67.2,65.9,69
"Ukraine2017","Ukraine",45436041.5,2017,3800000,0.0836340463330196,74,2,2015,74,75.5,76.3,67.2,67.2
"Ukraine2018","Ukraine",45208907,2018,3400000,0.0752064189474875,72.5616124473111,3,2015,72.5616124473111,74,75.5,76.3,65.9
"Ukraine2019","Ukraine",44957458,2019,3500000,0.0778513767393165,71,4,2015,71,72.5616124473111,74,75.5,67.2
"Ukraine2020","Ukraine",44680014.5,2020,3400000,0.0760966628603041,69.0070417559918,5,2015,69.0070417559918,71,72.5616124473111,74,76.3
"Ukraine2021","Ukraine",44298640,2021,3400000,0.076751791928601,69.8,6,2015,69.8,69.0070417559918,71,72.5616124473111,75.5
"Ukraine2022","Ukraine",41048766,2022,NA,NA,68.6,7,2015,68.6,69.8,69.0070417559918,71,74
"Ukraine2023","Ukraine",37732835.5,2023,17569676,0.465633599150003,95.9,8,2015,95.9,68.6,69.8,69.0070417559918,72.5616124473111
"Yemen2011","Yemen",27582897.5,2011,1800000,0.0652578286962057,100.3,0,2011,100.3,100,98.1,95.4,96.6
"Yemen2012","Yemen",28433647.5,2012,6100000,0.214534558044303,104.8,1,2011,104.8,100.3,100,98.1,93.2
"Yemen2013","Yemen",29312952,2013,7700000,0.262682516588572,107,2,2011,107,104.8,100.3,100,95.4
"Yemen2014","Yemen",30226309,2014,14700000,0.486331295031755,105.4,3,2011,105.4,107,104.8,100.3,98.1
"Yemen2015","Yemen",31159379,2015,15900000,0.51027974594744,108.2,4,2011,108.2,105.4,107,104.8,100
"Yemen2016","Yemen",32109010,2016,21200000,0.660250814335291,111.5,5,2011,111.5,108.2,105.4,107,100.3
"Yemen2017","Yemen",33090921.5,2017,18800000,0.568131655082498,111.1,6,2011,111.1,111.5,108.2,105.4,104.8
"Yemen2018","Yemen",34085182,2018,22200000,0.651309416508323,112.671503759799,7,2011,112.671503759799,111.1,111.5,108.2,107
"Yemen2019","Yemen",35111407.5,2019,24100000,0.686386610961124,113.5,8,2011,113.5,112.671503759799,111.1,111.5,105.4
"Yemen2020","Yemen",36134863.5,2020,24300000,0.672480747021502,112.438693820163,9,2011,112.438693820163,113.5,112.671503759799,111.1,108.2
"Yemen2021","Yemen",37140230.5,2021,20700000,0.557347106394507,111.7,10,2011,111.7,112.438693820163,113.5,112.671503759799,111.5
"Yemen2022","Yemen",38222875.5,2022,23458603,0.613732030705016,111.7,11,2011,111.7,111.7,112.438693820163,113.5,111.1
"Yemen2023","Yemen",39390799,2023,21640000,0.549366871182278,108.9,12,2011,108.9,111.7,111.7,112.438693820163,112.671503759799
"Zimbabwe2011","Zimbabwe",13595424,2011,8e+06,0.588433284611057,107.9,0,2011,107.9,110.2,114,112.5,108.9
"Zimbabwe2012","Zimbabwe",13817887,2012,4600000,0.332901839478062,106.3,1,2011,106.3,107.9,110.2,114,110.1
"Zimbabwe2013","Zimbabwe",14013808.5,2013,2200000,0.156988016498156,105.2,2,2011,105.2,106.3,107.9,110.2,112.5
"Zimbabwe2016","Zimbabwe",14600294,2016,2800000,0.19177696010779,100.5,5,2011,100.5,100,102.8,105.2,107.9
"Zimbabwe2019","Zimbabwe",15271367.5,2019,5100000,0.333958304650844,99.5,8,2011,99.5,102.293752532092,101.6,100.5,102.8
"Zimbabwe2020","Zimbabwe",15526888.5,2020,7481602,0.481848117863408,99.2208568055075,9,2011,99.2208568055075,99.5,102.293752532092,101.6,100
"Zimbabwe2021","Zimbabwe",15797210,2021,6800000,0.430455757693922,99.1,10,2011,99.1,99.2208568055075,99.5,102.293752532092,100.5
